Step,T-statistic,P-value,Test Group Mean,Control Group Mean
step_2,-0.9708454978672615,0.3316395588826023,48604.260398034385,48941.81534186704
step_3,-1.4091588081675126,0.15880600849481233,47972.71266295324,48462.74881363014
confirm,0.06080417619083991,0.9515154530810905,47820.45761136387,47802.9559223286
start,-0.05584351701356402,0.9554670581651884,51435.79521222251,51457.83288089327
step_1,1.1305716159979124,0.2582556602069136,50112.01736126236,49599.50359565116
